Compound,Soil Half Life,LogKow,Koc
Imidacloprid,39,0.57054294,3.648713649
Clothianidin,45.6,0.905256049,6.811729595
Thiamethoxam,148,-0.130181792,0.987535572
